area	rooms	ms	against_bearing	lines_through_rooms	rooms_under_foreign_lines	directionless	lines	stubs	undrawn	crossing	len_median	len_p90	along
Alabaster Spire	1	0	0	0	0	0	0	0	0	0	-	-	0
Bittermere Woods Gardens	30	0	0	0	0	0	0	0	0	0	-	-	0
Endeltime Estates	57	1	0	0	0	0	0	0	0	0	-	-	0
Furrfoot's	8	0	0	0	0	4	4	0	0	0	4.0	4.0	0
Glaesen Star	9	0	0	0	0	8	8	0	0	0	5.7	5.7	0
Jirkirl's Hilltop	26	0	0	0	0	1	1	0	0	0	5.7	5.7	0
Krol Ship	8	374	0	0	0	3	3	0	0	0	5.7	8.9	0
Sea Caves	19	0	0	0	0	2	2	0	0	0	4.0	4.0	0
The Witching House	6	0	0	0	0	3	3	0	0	0	4.0	4.0	0
aradhul-road	30	1	0	0	0	11	11	0	0	0	4.0	39.6	0
confluence	53	1	0	0	0	0	0	0	0	0	-	-	0
elven-nations-cemetary-and-neartofar-forest	300	844	0	0	0	19	19	0	0	2	8.0	41.8	0
elven-nations-cysaegir-town	68	1826	0	0	0	28	23	5	0	0	5.7	26.8	2
elven-nations-fearling-pass	226	1573	0	0	0	21	19	2	0	0	5.7	39.4	0
elven-nations-gossamer-pass	44	1	0	0	0	0	0	0	0	0	-	-	0
elven-nations-gyldemar	283	2018	0	0	0	26	26	0	0	3	5.7	36.9	0
elven-nations-maaghara-tower	76	260	0	0	0	4	4	0	0	0	22.1	44.3	1
elven-nations-moonstone-abbey	12	2517	0	0	0	33	33	0	0	14	13.6	24.1	20
elven-nations-ravelin	80	401	2	0	0	6	5	1	0	0	8.9	17.0	0
elven-nations-seethe-naedal	53	4	0	0	0	21	21	0	0	0	5.7	5.7	0
elven-nations-skull-temple	150	466	0	0	0	12	12	0	0	1	8.9	17.9	0
elven-nations-taillistim-embassies	35	244	0	0	0	10	10	0	0	0	5.7	14.3	0
elven-nations-tavaalor-town	234	2836	6	0	0	39	38	1	0	2	5.7	12.0	0
elven-nations-teorainn-dale	66	5	0	0	0	5	5	0	0	1	5.7	30.6	0
elven-nations-victory-road	143	140	0	0	0	10	8	2	0	0	8.9	12.6	0
elven-nations-wraithenmist	86	3	0	0	0	12	12	0	0	0	5.7	12.0	0
elven-nations-yegharren-plain	71	3	0	0	0	3	3	0	0	0	5.7	8.0	0
elven-nations-zhindels-post	27	1	0	0	0	3	3	0	0	0	12.0	28.8	0
firebird	26	0	0	0	0	0	0	0	0	0	-	-	0
icemule-trace	548	6492	0	0	0	74	63	11	0	6	5.7	26.8	2
icemule-trace-moonsedge	50	2	0	0	0	3	3	0	0	0	5.7	5.7	0
icemule-trace-moonsedge-road-and-crawling-shore	83	3	0	0	0	8	8	0	0	0	5.7	8.9	0
icemule-trace-north-gate-and-icewall	2	0	0	0	0	0	0	0	0	0	-	-	0
icemule-trace-northeast-exterior	100	872	0	0	0	11	11	0	0	2	5.7	29.1	0
icemule-trace-pinefar	191	1005	2	0	0	34	34	0	0	0	10.0	28.0	0
icemule-trace-ranger-guild	5	0	0	0	0	1	1	0	0	0	4.0	4.0	0
icemule-trace-sablecross	71	302	0	0	0	20	19	1	0	4	5.7	12.2	0
icemule-trace-settlement-of-reim	93	1285	0	0	0	11	9	2	0	0	5.7	8.9	0
icemule-trace-sorcerer-guild	4	0	0	0	0	0	0	0	0	0	-	-	0
icemule-trace-the-rift-plane-1	55	6	13	0	0	0	0	0	0	0	-	-	0
icemule-trace-the-rift-plane-2	55	4	6	0	0	0	0	0	0	0	-	-	0
icemule-trace-the-rift-plane-3	55	5	3	0	0	0	0	0	0	0	-	-	0
icemule-trace-the-rift-plane-4	23	1	5	0	0	0	0	0	0	0	-	-	0
icemule-trace-the-rift-plane-5	14	2	20	0	0	1	1	0	0	0	4.0	4.0	0
icemule-trace-the-scatter	30	111	9	0	0	5	5	0	0	3	12.0	41.8	0
icemule-trace-town-tunnels	49	6	33	0	0	4	4	0	0	0	5.7	15.0	0
icemule-trace-trail-between-wehnimers-landing-and-icemule	64	4	0	0	0	7	7	0	0	0	5.7	5.7	0
icemule-trace-underground	19	1810	0	0	0	1	1	0	0	0	5.7	5.7	0
icemule-trace-warrior-guild	6	0	0	0	0	2	2	0	0	0	5.7	5.7	0
icemule-trace-west-gate-and-ice-plains	51	265	0	0	0	17	17	0	0	0	5.7	8.9	0
icemule-trace-white-haven	5	0	0	0	0	3	3	0	0	0	4.0	5.7	0
isle-of-the-four-winds-driftglass-fayre	10	0	0	0	0	1	1	0	0	0	5.7	5.7	0
isle-of-the-four-winds-emberstone-hall	2	0	0	0	0	1	1	0	0	0	5.7	5.7	0
isle-of-the-four-winds-monsoon-lagoon	83	581	0	0	0	24	24	0	0	5	12.1	20.0	1
isle-of-the-four-winds-sorcerer-guild	10	0	0	0	0	1	1	0	0	0	5.7	5.7	0
isle-of-the-four-winds-stone-manor	2	0	0	0	0	0	0	0	0	0	-	-	0
isle-of-the-four-winds-wasteland	5	0	0	0	0	0	0	0	0	0	-	-	0
isle-of-the-four-winds-western-waterways	129	12	20	0	0	0	0	0	0	0	-	-	0
isle-of-the-four-winds-wilds	181	2338	0	0	0	32	30	2	0	3	5.7	24.5	0
krakens-fall	157	1557	0	0	0	31	30	1	0	0	5.7	11.3	0
krakens-fall-atoll	52	3	0	0	0	5	5	0	0	0	5.7	5.7	0
krakens-fall-widowmakers-road	73	966	0	0	0	6	6	0	0	1	8.9	17.9	0
mist-harbor	576	19942	35	0	0	108	104	4	0	11	5.7	17.9	4
naidem	69	3	9	0	0	6	5	1	0	0	4.0	35.2	0
old-tafaendryl	233	2135	4	0	0	31	25	6	0	3	5.7	32.2	0
open-sea-briskers-cove	60	2	0	0	0	6	6	0	0	0	5.7	5.7	0
open-sea-flotilla	63	296	0	0	0	17	17	0	0	0	5.7	8.9	0
open-sea-glaeveln	145	865	0	0	0	9	9	0	0	0	14.4	37.7	0
open-sea-isle-of-ornath	2	0	0	0	0	0	0	0	0	0	-	-	0
open-sea-krakens-fall-drift-cottage	2	0	0	0	0	1	1	0	0	0	5.7	5.7	0
open-sea-krakens-fall-emberthorn-refuge	2	0	0	0	0	1	1	0	0	0	5.7	5.7	0
open-sea-man-o-war	17	0	0	0	0	0	0	0	0	0	-	-	0
open-sea-sailors-grief	137	547	0	0	0	20	20	0	0	0	5.7	5.7	0
open-sea-sea-of-fire	26	1	1	0	0	3	3	0	0	0	5.7	5.7	0
open-seas-brigantine	4	0	0	0	0	0	0	0	0	0	-	-	0
open-seas-carrack	5	0	0	0	0	0	0	0	0	0	-	-	0
open-seas-enemy-carrack	30	1	0	0	0	6	6	0	0	0	11.3	77.7	0
open-seas-nielira-harbor	85	505	0	0	0	20	20	0	0	4	7.7	11.4	0
reim-tower-defense	33	1	0	0	0	4	4	0	0	0	4.0	8.9	0
rivers-rest-grawood-farmstead	158	410	4	0	0	15	14	1	0	7	12.6	31.2	0
rivers-rest-karazja-jungle	29	0	0	0	0	0	0	0	0	0	-	-	0
rivers-rest-marsh-keep	43	388	0	0	0	5	5	0	0	1	8.9	29.0	0
rivers-rest-miasmal-forest-and-ghastly-swamp	68	1359	6	0	0	26	26	0	0	14	20.4	37.3	2
rivers-rest-ruined-tower	50	1749	0	0	0	7	7	0	0	0	8.0	12.6	0
rivers-rest-town	336	14140	0	0	0	86	80	6	0	9	5.7	15.0	4
solhaven	716	35556	10	0	0	139	129	10	0	24	5.7	21.0	8
special-duskruin	74	940	0	0	0	24	24	0	0	2	5.7	16.5	0
special-isle-of-ornath	46	1423	0	0	0	2	2	0	0	0	11.3	11.3	0
special-naidem-east	196	1520	0	0	0	23	23	0	0	1	5.7	70.1	0
special-naidem-west	175	917	0	0	0	36	34	2	0	4	5.7	24.0	2
special-night-at-the-academy	42	2	0	0	0	8	8	0	0	0	5.7	5.7	0
special-return-to-black-swan-castle	52	1328	0	0	0	16	9	7	0	7	12.6	12.6	0
special-rumor-woods	178	34	2	0	0	27	26	1	0	2	5.7	14.4	0
special-troubled-waters	16	168	0	0	0	2	2	0	0	0	14.4	14.4	0
taillistim	261	2294	0	0	0	45	45	0	0	0	5.7	20.0	0
taillistim-town	316	1832	0	0	0	47	45	2	0	1	5.7	16.5	3
tavaalor-the-port-of-tavaalor	90	3	0	0	0	6	6	0	0	0	5.7	5.7	0
teras-isle-cleric-guild	2	0	0	0	0	0	0	0	0	0	-	-	0
teras-isle-empath-guild	7	0	0	0	0	2	2	0	0	0	5.7	5.7	0
teras-isle-exterior	112	82	0	0	0	14	14	0	0	0	5.7	32.1	0
teras-isle-eye-of-vtull	63	8	0	0	0	6	6	0	0	0	5.7	8.9	0
teras-isle-feyrie	23	0	0	0	0	3	3	0	0	0	5.7	8.0	0
teras-isle-fhorian-village	39	240	0	0	0	4	4	0	0	0	8.9	8.9	0
teras-isle-kharam-dzu-town	241	1088	0	0	0	32	29	3	0	1	5.7	14.4	0
teras-isle-nelemar	56	4	0	0	0	3	3	0	0	0	5.7	5.7	0
teras-isle-rogue-guild	30	0	0	0	0	8	8	0	0	0	4.0	4.0	0
teras-isle-sorcerer-guild	3	0	0	0	0	1	1	0	0	0	5.7	5.7	0
teras-isle-warrior-guild	19	14	0	0	0	5	5	0	0	0	4.0	5.7	0
teras-isle-wizard-guild	1	0	0	0	0	0	0	0	0	0	-	-	0
the-abbey	15	1	0	0	0	2	2	0	0	0	5.7	5.7	0
the-citadel	127	3508	4	0	0	13	12	1	0	2	11.3	61.9	0
the-graveyard	109	2144	1	0	0	21	20	1	0	0	11.3	28.3	0
the-hinterwilds	153	361	0	0	0	16	16	0	0	0	5.7	16.5	0
the-shattered-moors	35	3	0	0	0	4	4	0	0	0	5.7	8.9	0
the-vornavian-coast	239	163	0	0	0	14	14	0	0	0	5.7	17.0	0
vornavis-bonespear-tower	62	21	0	0	0	3	3	0	0	0	8.0	11.3	0
vornavis-caravan-route-transport	225	1641	0	0	0	25	22	3	0	0	5.7	12.6	0
vornavis-forgotten-vineyard	33	1	0	0	0	1	1	0	0	0	8.9	8.9	0
vornavis-northern-caravansary	27	21	0	0	0	8	8	0	0	1	8.9	16.5	2
vornavis-outlands	87	291	0	0	0	9	9	0	0	0	5.7	14.4	0
wehnimers-landing	1063	90734	0	0	0	230	207	23	0	33	5.7	28.4	9
wehnimers-landing-abandoned-inn	1	1	0	0	0	0	0	0	0	0	-	-	0
wehnimers-landing-broken-lands	33	4	0	0	0	0	0	0	0	0	-	-	0
wehnimers-landing-castle-anwyn	36	351	0	0	0	3	3	0	0	0	4.0	5.7	0
wehnimers-landing-catacombs	5	10	0	0	0	4	4	0	0	0	5.7	5.7	0
wehnimers-landing-cavernhold	119	14	0	0	0	19	18	1	0	3	4.0	8.9	0
wehnimers-landing-coastal-cliffs	241	1338	0	0	0	36	36	0	0	2	5.7	17.0	0
wehnimers-landing-danjirland	112	7	0	0	0	16	16	0	0	0	5.7	17.9	0
wehnimers-landing-darkstone-castle	101	963	0	0	0	10	9	1	0	0	11.3	31.2	0
wehnimers-landing-glatoph	50	2	0	0	0	0	0	0	0	0	-	-	0
wehnimers-landing-graendlor-pasture	145	527	11	0	0	10	10	0	0	0	5.7	8.9	0
wehnimers-landing-kobold-village	16	1	0	0	0	4	4	0	0	0	5.7	5.7	0
wehnimers-landing-locksmehr-river-trail	259	1644	0	0	0	20	19	1	0	0	8.9	20.0	0
wehnimers-landing-luinne-bheinn	136	392	1	0	0	8	7	1	0	0	12.0	17.0	0
wehnimers-landing-lysierian-hills	140	162	0	0	0	22	22	0	0	0	8.0	29.1	0
wehnimers-landing-melgorehns-valley	54	4	0	0	0	8	8	0	0	0	5.7	11.3	0
wehnimers-landing-old-mine-road	143	632	0	0	0	15	14	1	0	0	5.7	17.1	0
wehnimers-landing-old-mine-road-caverns	82	4	0	0	0	31	31	0	0	0	4.0	15.1	0
wehnimers-landing-old-mines	72	9	28	0	0	5	4	1	0	0	15.0	19.0	0
wehnimers-landing-red-forest	59	196	0	0	0	5	5	0	0	0	8.9	8.9	0
wehnimers-landing-sentoph	171	424	0	0	0	25	23	2	0	0	5.7	21.5	0
wehnimers-landing-shadow-valley	63	2	0	0	0	1	1	0	0	0	5.7	5.7	0
wehnimers-landing-spider-temple	40	2	0	0	0	2	2	0	0	0	17.0	17.0	0
wehnimers-landing-stronghold-and-thanatoph	54	156	0	0	0	7	7	0	0	0	5.7	5.7	0
wehnimers-landing-wehntoph	76	332	0	0	0	6	6	0	0	0	5.7	20.0	0
whistlers-pass	289	214	0	0	0	26	26	0	0	0	5.7	11.3	0
zul-logoth	5	51	0	0	0	3	3	0	0	0	5.7	5.7	0
zul-logoth-czeroth-caverns	87	6	0	0	0	12	12	0	0	2	4.0	8.9	0
zul-logoth-stormpeak	101	536	0	0	0	31	31	0	0	1	5.7	14.4	0
zul-logoth-the-hive	117	12	2	0	0	4	4	0	0	0	16.5	23.3	1
TOTAL	14417	227910	237	0	0	2090	1983	107	0	182	5.7	21.0	61
